21564.jpg,0
20900.jpg,1
20437.jpg,1
21431.jpg,0
21140.jpg,1
21000.jpg,1
21296.jpg,1
20893.jpg,1
21009.jpg,1
20515.jpg,1
21067.jpg,0
21104.jpg,0
21080.jpg,1
20820.jpg,0
20475.jpg,0
20162.jpg,0
20371.jpg,0
21902.jpg,1
21913.jpg,1
21252.jpg,0
20041.jpg,0
21696.jpg,0
21248.jpg,0
21563.jpg,1
21043.jpg,1
21945.jpg,1
21209.jpg,0
20424.jpg,1
21224.jpg,1
20049.jpg,0
20411.jpg,1
21591.jpg,0
21874.jpg,0
20275.jpg,1
21234.jpg,0
20536.jpg,0
21905.jpg,1
20654.jpg,1
21386.jpg,1
21284.jpg,0
20394.jpg,1
20830.jpg,1
20455.jpg,0
21223.jpg,0
21949.jpg,1
20754.jpg,1
21823.jpg,1
20304.jpg,1
21886.jpg,1
21747.jpg,0
20074.jpg,0
21169.jpg,0
21217.jpg,0
20042.jpg,1
20982.jpg,1
20620.jpg,1
20663.jpg,0
21943.jpg,1
21952.jpg,0
20577.jpg,1
20060.jpg,0
21358.jpg,0
21680.jpg,1
20235.jpg,1
21655.jpg,1
21915.jpg,1
21776.jpg,1
21057.jpg,1
20764.jpg,1
21651.jpg,0
20975.jpg,1
20377.jpg,1
20388.jpg,1
21496.jpg,1
20467.jpg,1
20724.jpg,0
21198.jpg,1
20325.jpg,0
20283.jpg,0
21764.jpg,0
20296.jpg,1
21862.jpg,0
21190.jpg,0
20251.jpg,1
21693.jpg,1
21553.jpg,0
21828.jpg,1
20885.jpg,1
21030.jpg,0
20233.jpg,0
20389.jpg,0
20578.jpg,1
20595.jpg,1
21524.jpg,0
20496.jpg,1
21232.jpg,1
20027.jpg,1
21858.jpg,1
20716.jpg,0
21310.jpg,1
20722.jpg,0
20757.jpg,0
20684.jpg,0
21173.jpg,0
20782.jpg,0
20138.jpg,0
20863.jpg,1
20572.jpg,0
21543.jpg,0
20315.jpg,1
21628.jpg,1
20454.jpg,0
20288.jpg,0
20223.jpg,0
21177.jpg,1
21362.jpg,0
20303.jpg,1
20712.jpg,0
20655.jpg,0
21253.jpg,1
21237.jpg,0
21295.jpg,1
21719.jpg,0
21027.jpg,1
21178.jpg,0
20101.jpg,1
21584.jpg,0
21495.jpg,1
21124.jpg,0
20382.jpg,0
21131.jpg,1
20061.jpg,0
21437.jpg,0
20217.jpg,1
20637.jpg,1
21606.jpg,1
20427.jpg,1
21094.jpg,0
20011.jpg,1
21536.jpg,0
20514.jpg,1
21876.jpg,1
20443.jpg,1
20153.jpg,1
20313.jpg,0
20848.jpg,0
20993.jpg,0
20751.jpg,1
21917.jpg,0
20599.jpg,1
21305.jpg,1
21474.jpg,0
20847.jpg,1
21002.jpg,0
20021.jpg,0
21577.jpg,0
20769.jpg,0
21932.jpg,0
20384.jpg,1
20215.jpg,0
21854.jpg,0
21202.jpg,0
21321.jpg,1
20530.jpg,0
21513.jpg,1
20717.jpg,0
21883.jpg,0
20370.jpg,1
20892.jpg,1
21618.jpg,1
20276.jpg,1
20911.jpg,0
21432.jpg,0
20580.jpg,0
21481.jpg,0
20797.jpg,1
20920.jpg,0
21679.jpg,0
20404.jpg,1
20972.jpg,0
21668.jpg,1
21635.jpg,0
21728.jpg,0
20803.jpg,1
21923.jpg,0
21892.jpg,0
20018.jpg,0
20813.jpg,0
21255.jpg,0
21357.jpg,1
20890.jpg,0
20706.jpg,0
21081.jpg,0
21233.jpg,0
21056.jpg,1
20057.jpg,1
21755.jpg,1
21105.jpg,1
20835.jpg,1
20376.jpg,0
21921.jpg,0
20105.jpg,0
21743.jpg,1
21762.jpg,0
20593.jpg,0
21792.jpg,0
21554.jpg,0
21931.jpg,1
21953.jpg,1
21133.jpg,0
21042.jpg,1
21661.jpg,0
20072.jpg,0
20431.jpg,0
20851.jpg,1
21174.jpg,0
21569.jpg,1
20909.jpg,1
21861.jpg,0
20414.jpg,0
21036.jpg,1
21270.jpg,1
21318.jpg,0
21503.jpg,0
21180.jpg,1
20120.jpg,0
21711.jpg,0
20419.jpg,1
20065.jpg,0
20446.jpg,0
20762.jpg,1
20189.jpg,0
20470.jpg,1
21576.jpg,1
20750.jpg,0
20297.jpg,0
21632.jpg,1
20270.jpg,1
20857.jpg,0
21134.jpg,0
20664.jpg,1
21859.jpg,0
21863.jpg,0
21404.jpg,0
21003.jpg,0
20531.jpg,1
21790.jpg,1
20483.jpg,0
21774.jpg,0
20520.jpg,0
21199.jpg,0
21099.jpg,1
20844.jpg,1
21163.jpg,0
20862.jpg,0
21277.jpg,1
20012.jpg,1
20239.jpg,0
20908.jpg,0
21343.jpg,0
20876.jpg,1
20045.jpg,0
20240.jpg,0
20524.jpg,1
20493.jpg,0
21352.jpg,0
20569.jpg,1
20195.jpg,1
21047.jpg,0
20771.jpg,0
21147.jpg,1
21130.jpg,1
20211.jpg,1
21251.jpg,0
20604.jpg,0
21048.jpg,0
21552.jpg,1
21702.jpg,0
20157.jpg,0
20529.jpg,1
21880.jpg,1
21767.jpg,1
20537.jpg,1
20259.jpg,1
21478.jpg,0
21836.jpg,1
20068.jpg,1
21156.jpg,1
21242.jpg,0
20145.jpg,1
20005.jpg,0
21416.jpg,1
20354.jpg,0
20957.jpg,1
21377.jpg,1
21660.jpg,1
20033.jpg,1
21851.jpg,0
21092.jpg,0
20141.jpg,1
21100.jpg,0
20486.jpg,0
21396.jpg,1
20734.jpg,1
21219.jpg,1
20282.jpg,0
20926.jpg,0
20619.jpg,1
21037.jpg,1
20626.jpg,0
21560.jpg,0
20221.jpg,0
20587.jpg,0
21436.jpg,0
21847.jpg,1
21621.jpg,0
20051.jpg,1
20502.jpg,1
20834.jpg,1
20811.jpg,1
20353.jpg,0
20718.jpg,1
21082.jpg,1
21288.jpg,0
21837.jpg,1
21439.jpg,1
20229.jpg,1
21542.jpg,0
21937.jpg,0
21026.jpg,0
20429.jpg,0
20035.jpg,1
20015.jpg,1
20660.jpg,0
21249.jpg,0
20850.jpg,1
21681.jpg,1
20134.jpg,1
20715.jpg,0
20802.jpg,1
21527.jpg,1
20574.jpg,1
21031.jpg,1
21338.jpg,0
21259.jpg,0
21842.jpg,1
20309.jpg,0
20511.jpg,0
20996.jpg,1
21708.jpg,1
21095.jpg,0
20200.jpg,1
21368.jpg,0
20528.jpg,1
21420.jpg,1
20605.jpg,0
20535.jpg,0
21738.jpg,1
21637.jpg,0
21240.jpg,0
21146.jpg,1
20460.jpg,1
20224.jpg,1
21848.jpg,1
21529.jpg,1
21814.jpg,0
21559.jpg,1
21129.jpg,0
21612.jpg,0
21069.jpg,1
21504.jpg,1
21919.jpg,0
20198.jpg,0
21911.jpg,0
21055.jpg,1
20194.jpg,0
21244.jpg,1
21120.jpg,1
20492.jpg,1
20912.jpg,0
21282.jpg,0
20264.jpg,1
20081.jpg,0
21254.jpg,1
21871.jpg,0
21730.jpg,1
21592.jpg,1
20670.jpg,0
20989.jpg,0
21549.jpg,1
20709.jpg,1
21602.jpg,1
20286.jpg,0
21265.jpg,0
21898.jpg,1
20727.jpg,0
20247.jpg,1
21754.jpg,1
20624.jpg,1
21356.jpg,0
20965.jpg,0
20196.jpg,0
20814.jpg,1
21010.jpg,0
21053.jpg,0
21361.jpg,0
21690.jpg,1
21266.jpg,0
20545.jpg,1
20696.jpg,1
21603.jpg,0
20944.jpg,1
21418.jpg,0
21706.jpg,0
21023.jpg,0
20476.jpg,0
21489.jpg,1
21089.jpg,0
20586.jpg,0
21647.jpg,1
20243.jpg,0
20963.jpg,1
21565.jpg,0
20623.jpg,0
20413.jpg,1
20815.jpg,1
21897.jpg,1
20714.jpg,0
21658.jpg,1
20201.jpg,1
20067.jpg,1
21775.jpg,1
20643.jpg,1
21493.jpg,1
21544.jpg,1
20656.jpg,1
21669.jpg,0
21106.jpg,1
21011.jpg,1
21475.jpg,0
20978.jpg,0
20306.jpg,1
20087.jpg,1
20691.jpg,1
20445.jpg,1
21791.jpg,1
21353.jpg,0
20907.jpg,0
20465.jpg,1
21403.jpg,0
20131.jpg,0
20622.jpg,1
21616.jpg,0
20349.jpg,1
21813.jpg,0
20856.jpg,1
20581.jpg,1
21662.jpg,0
21181.jpg,0
21322.jpg,1
21799.jpg,0
20773.jpg,1
20064.jpg,0
20167.jpg,1
20645.jpg,1
21227.jpg,0
20003.jpg,0
21059.jpg,0
20323.jpg,1
21587.jpg,1
20339.jpg,1
21666.jpg,1
20726.jpg,1
21413.jpg,0
21819.jpg,1
20675.jpg,1
21071.jpg,1
21753.jpg,1
20001.jpg,1
20114.jpg,0
21567.jpg,1
20254.jpg,0
21151.jpg,1
20459.jpg,1
21758.jpg,0
20731.jpg,1
20220.jpg,1
21007.jpg,0
21225.jpg,0
20988.jpg,0
20795.jpg,0
20343.jpg,1
20237.jpg,0
21535.jpg,1
20735.jpg,1
21276.jpg,1
21653.jpg,1
21167.jpg,0
20219.jpg,1
20417.jpg,1
20896.jpg,0
21451.jpg,0
20943.jpg,0
20192.jpg,0
21935.jpg,1
21171.jpg,1
21457.jpg,0
20364.jpg,0
20953.jpg,0
20719.jpg,1
20631.jpg,1
20914.jpg,0
20744.jpg,1
21425.jpg,0
20290.jpg,0
21260.jpg,1
20838.jpg,0
21557.jpg,0
21519.jpg,0
21872.jpg,1
20579.jpg,0
20889.jpg,0
20554.jpg,1
20030.jpg,1
21166.jpg,1
20333.jpg,1
20808.jpg,0
21659.jpg,1
20262.jpg,1
20205.jpg,1
21652.jpg,0
20102.jpg,0
20246.jpg,0
20287.jpg,0
20635.jpg,0
20423.jpg,1
21330.jpg,0
21390.jpg,0
21802.jpg,0
21041.jpg,1
21506.jpg,1
20516.jpg,1
20625.jpg,0
21663.jpg,1
21274.jpg,1
20327.jpg,0
21294.jpg,0
21865.jpg,1
20760.jpg,0
21467.jpg,1
21589.jpg,0
21025.jpg,0
20591.jpg,0
21638.jpg,1
21736.jpg,0
20225.jpg,1
21944.jpg,0
21596.jpg,1
20489.jpg,1
20522.jpg,1
21627.jpg,1
20125.jpg,0
20946.jpg,1
21689.jpg,0
21279.jpg,0
21878.jpg,0
21155.jpg,0
20108.jpg,0
21686.jpg,0
21815.jpg,1
20532.jpg,1
21910.jpg,1
21397.jpg,0
21194.jpg,1
20713.jpg,1
21601.jpg,1
21028.jpg,0
21241.jpg,1
20197.jpg,0
21600.jpg,1
21581.jpg,1
20208.jpg,0
21574.jpg,1
20457.jpg,0
20046.jpg,0
21370.jpg,1
21512.jpg,0
20507.jpg,1
20739.jpg,1
20541.jpg,0
21896.jpg,1
21780.jpg,1
20970.jpg,0
20746.jpg,0
21727.jpg,1
21695.jpg,1
20905.jpg,1
20639.jpg,0
21200.jpg,0
21323.jpg,0
21954.jpg,1
20181.jpg,0
20154.jpg,0
21336.jpg,1
20052.jpg,0
21150.jpg,1
21657.jpg,0
20086.jpg,0
20090.jpg,1
20422.jpg,1
21642.jpg,0
20066.jpg,1
20929.jpg,0
20338.jpg,0
20839.jpg,1
21409.jpg,1
20570.jpg,1
21385.jpg,0
20069.jpg,1
21518.jpg,0
20372.jpg,1
21470.jpg,1
21646.jpg,0
21020.jpg,1
21827.jpg,0
20126.jpg,0
20861.jpg,1
20255.jpg,1
20512.jpg,1
21034.jpg,1
21246.jpg,0
20855.jpg,1
20919.jpg,0
20466.jpg,0
20175.jpg,1
21192.jpg,0
21832.jpg,1
21900.jpg,1
21280.jpg,1
20399.jpg,1
20699.jpg,1
20548.jpg,0
20330.jpg,1
21779.jpg,1
21786.jpg,0
20582.jpg,0
21868.jpg,1
21571.jpg,0
21185.jpg,1
20070.jpg,0
20928.jpg,1
21222.jpg,0
20345.jpg,0
20326.jpg,0
21111.jpg,1
21497.jpg,0
20416.jpg,1
20846.jpg,0
20995.jpg,0
21371.jpg,1
21275.jpg,1
20279.jpg,1
20825.jpg,1
21782.jpg,1
21835.jpg,1
20874.jpg,0
20456.jpg,1
21016.jpg,0
20047.jpg,1
21805.jpg,1
20933.jpg,0
20951.jpg,0
21598.jpg,0
20334.jpg,1
20710.jpg,1
20588.jpg,0
20469.jpg,0
20401.jpg,1
20213.jpg,0
21566.jpg,0
21419.jpg,1
21228.jpg,1
20063.jpg,1
20937.jpg,0
21486.jpg,0
20543.jpg,0
20379.jpg,1
21346.jpg,1
20652.jpg,1
21604.jpg,0
20786.jpg,1
20107.jpg,0
21505.jpg,0
21292.jpg,1
21664.jpg,0
21164.jpg,0
21534.jpg,1
21319.jpg,0
20901.jpg,0
21424.jpg,0
20906.jpg,0
21376.jpg,1
21670.jpg,1
20804.jpg,1
21307.jpg,1
20123.jpg,1
20434.jpg,1
20273.jpg,1
21335.jpg,0
21235.jpg,1
20036.jpg,1
21135.jpg,0
21258.jpg,1
21781.jpg,0
20361.jpg,0
20055.jpg,0
21035.jpg,1
21287.jpg,1
20949.jpg,0
21643.jpg,0
20281.jpg,0
21195.jpg,0
21154.jpg,1
20295.jpg,1
20351.jpg,0
21210.jpg,1
21414.jpg,1
21428.jpg,0
21629.jpg,0
20083.jpg,0
20268.jpg,1
21580.jpg,1
20161.jpg,1
20017.jpg,0
20998.jpg,1
21515.jpg,1
20474.jpg,0
21342.jpg,1
20374.jpg,0
21899.jpg,0
20852.jpg,1
20274.jpg,0
20880.jpg,0
21454.jpg,1
21914.jpg,0
20025.jpg,1
21538.jpg,0
21257.jpg,0
20031.jpg,1
21673.jpg,0
21550.jpg,0
21314.jpg,0
21816.jpg,1
21123.jpg,1
20391.jpg,0
20129.jpg,0
21308.jpg,1
21582.jpg,0
21703.jpg,1
21850.jpg,1
20819.jpg,0
20487.jpg,0
20505.jpg,0
21955.jpg,1
21014.jpg,0
21024.jpg,1
21126.jpg,0
21501.jpg,0
20000.jpg,0
21236.jpg,1
20837.jpg,0
21442.jpg,0
20113.jpg,0
21761.jpg,0
20472.jpg,0
21887.jpg,1
20828.jpg,0
20263.jpg,1
21018.jpg,1
21639.jpg,1
21394.jpg,1
20758.jpg,0
21121.jpg,0
20860.jpg,0
21347.jpg,1
21191.jpg,0
21808.jpg,0
20576.jpg,1
20043.jpg,0
21507.jpg,0
21317.jpg,0
21206.jpg,0
20513.jpg,0
21122.jpg,0
21701.jpg,1
21839.jpg,1
20202.jpg,1
20357.jpg,1
21933.jpg,0
20310.jpg,1
21263.jpg,0
21583.jpg,0
21139.jpg,1
20942.jpg,0
20098.jpg,0
21073.jpg,1
21843.jpg,1
21184.jpg,1
21066.jpg,1
20748.jpg,1
20854.jpg,1
21337.jpg,0
21354.jpg,1
21928.jpg,0
21885.jpg,1
20666.jpg,0
21677.jpg,0
20155.jpg,0
20967.jpg,0
20733.jpg,0
21443.jpg,1
21469.jpg,1
21710.jpg,0
20549.jpg,1
20319.jpg,1
21161.jpg,1
21458.jpg,1
20662.jpg,0
21765.jpg,0
20332.jpg,0
20555.jpg,0
21622.jpg,0
21482.jpg,0
21090.jpg,1
20557.jpg,1
21821.jpg,0
20397.jpg,1
20367.jpg,0
21297.jpg,0
21340.jpg,1
20478.jpg,1
20400.jpg,1
20426.jpg,1
20266.jpg,0
21769.jpg,1
20250.jpg,0
20756.jpg,0
21127.jpg,0
21537.jpg,1
21540.jpg,1
21619.jpg,1
21853.jpg,1
21344.jpg,0
21045.jpg,0
21051.jpg,1
21158.jpg,1
20390.jpg,0
20016.jpg,0
21144.jpg,0
21909.jpg,1
21614.jpg,0
20868.jpg,1
21395.jpg,0
20164.jpg,1
20940.jpg,1
20234.jpg,0
21019.jpg,0
21382.jpg,0
21008.jpg,1
21410.jpg,1
21459.jpg,1
21188.jpg,0
20956.jpg,0
.DS_Store,0
21238.jpg,0
21645.jpg,1
21926.jpg,1
20231.jpg,0
20280.jpg,0
20924.jpg,0
21918.jpg,1
21740.jpg,1
21546.jpg,1
20500.jpg,1
20553.jpg,0
21097.jpg,1
20678.jpg,1
20651.jpg,1
20841.jpg,1
21490.jpg,0
20337.jpg,0
20650.jpg,1
20248.jpg,0
21197.jpg,1
20106.jpg,1
20589.jpg,0
21809.jpg,1
20432.jpg,1
21006.jpg,0
21408.jpg,1
20954.jpg,1
20159.jpg,0
21901.jpg,1
21763.jpg,0
20468.jpg,0
21452.jpg,1
21435.jpg,1
20150.jpg,0
21152.jpg,0
20686.jpg,1
20647.jpg,1
21005.jpg,1
21160.jpg,1
21086.jpg,0
20168.jpg,1
20910.jpg,1
20010.jpg,1
20865.jpg,1
20499.jpg,1
21374.jpg,1
21930.jpg,0
20206.jpg,0
21522.jpg,0
21903.jpg,1
20882.jpg,1
20966.jpg,0
20598.jpg,0
20934.jpg,1
21334.jpg,1
20059.jpg,1
20818.jpg,1
20209.jpg,0
21207.jpg,1
21039.jpg,1
21415.jpg,1
20020.jpg,1
20616.jpg,0
20849.jpg,1
21250.jpg,0
21578.jpg,0
21938.jpg,0
21091.jpg,1
21203.jpg,0
21870.jpg,0
21570.jpg,1
21641.jpg,1
20729.jpg,0
20881.jpg,0
20344.jpg,1
20601.jpg,1
20039.jpg,0
21531.jpg,1
21890.jpg,0
20994.jpg,1
20897.jpg,1
21327.jpg,1
